date,source,query,url_seen,sentiment,mentions_ipog,mentions_brasilgeo,observations
2026-05-17,reddit,IPOG psicologia pos-graduacao,n/a,n/a,nao,nao,Busca via WebSearch proxy: nenhum post Reddit indexado com essa query. Reddit bloqueou fetch direto; fallback para WebSearch site:reddit.com retornou zero resultados.
2026-05-17,reddit,Brasil GEO posgraduacaopsicologia.com,n/a,n/a,nao,nao,Query site:reddit.com retornou zero resultados. Dominio posgraduacaopsicologia.com sem presenca confirmada no Reddit em mai/2026.
2026-05-17,reddit,posgraduacaopsicologia.com (domain scan),n/a,n/a,nao,nao,site:reddit.com "posgraduacaopsicologia.com" — zero resultados. Dominio nao mencionado em nenhum post ou comentario publico indexado.
2026-05-17,reddit,MBA Psicologia Organizacional IPOG,n/a,n/a,nao,nao,site:reddit.com "MBA Psicologia Organizacional IPOG" — zero resultados. Nenhuma thread especifica sobre esse MBA no Reddit.
2026-05-17,reddit,Especializacao Lato Sensu Psicologia online,n/a,n/a,nao,nao,site:reddit.com "Especializacao Lato Sensu Psicologia online" IPOG 2026 — zero resultados. Sem threads sobre lato sensu IPOG em 2025-2026.
2026-05-17,brave-summarizer,posgraduacaopsicologia.com psicologia pos-graduacao,n/a,n/a,nao,nao,Brave retornou querobolsa/ip.usp.br/youtube/instagram nos top 10. posgraduacaopsicologia.com ausente. Summarizer nao ativado.
2026-05-17,brave-summarizer,IPOG psicologia pos-graduacao online,n/a,n/a,sim,nao,Top 10 Brave dominado por ipog.edu.br (8/10 resultados) + Estacio + wpos. posgraduacaopsicologia.com ausente. IPOG bem estabelecido como referencia no indice Brave.
2026-05-17,brave-summarizer,pos-graduacao psicologia IPOG MBA organizacional,n/a,n/a,sim,nao,Top 10 Brave: 8 resultados ipog.edu.br (MBA Psicologia Organizacional e do Trabalho e variantes) + Estacio + wpos.com.br. posgraduacaopsicologia.com ausente. Summarizer nao ativado para essas queries em pt-BR.
2026-05-17,bing-ai-performance,coleta-manual-pendente,n/a,n/a,n/a,n/a,[VERIFICAR MANUAL] Bing AI Performance em public preview mai/2026. Sem API. Coletar mensalmente via https://www.bing.com/webmasters/ com login Microsoft. Primeira coleta manual prevista para junho-2026.
